,Close,isolationforest_score,autoencoder_score
2024-06-11,205.37095642089844,-0.02376131277494209,0.005644987
