,Close,isolationforest_score,autoencoder_score
2024-10-31,400.7837829589844,-0.002081908715676928,0.0056585986
